data id,shop name,city,created on
1,test1,city1,11/11/2016
2,test2,city2,11/11/2016
3,test3,city3,11/11/2016
4,test1,city1,11/11/2016
5,test2,city2,11/11/2016
6,test3,city3,11/11/2016
7,test1,city1,11/11/2016
8,test2,city2,11/11/2016
9,test3,city3,11/11/2016
10,test1,city1,11/11/2016
11,test2,city2,11/11/2016
12,test3,city3,11/11/2016
13,test1,city1,11/11/2016
14,test2,city2,11/11/2016
15,test3,city3,11/11/2016
16,test1,city1,11/11/2016
17,test2,city2,11/11/2016
18,test3,city3,11/11/2016
19,test1,city1,11/11/2016
20,test2,city2,11/11/2016
21,test3,city3,11/11/2016
22,test1,city1,11/11/2016
23,test2,city2,11/11/2016
24,test3,city3,11/11/2016
25,test1,city1,11/11/2016
26,test2,city2,11/11/2016
27,test3,city3,11/11/2016
28,test1,city1,11/11/2016
29,test2,city2,11/11/2016
30,test3,city3,11/11/2016
31,test1,city1,11/11/2016
32,test2,city2,11/11/2016
33,test3,city3,11/11/2016
34,test1,city1,11/11/2016
35,test2,city2,11/11/2016
36,test3,city3,11/11/2016
37,test1,city1,11/11/2016
38,test2,city2,11/11/2016
39,test3,city3,11/11/2016
40,test1,city1,11/11/2016
41,test2,city2,11/11/2016
42,test3,city3,11/11/2016
43,test1,city1,11/11/2016
44,test2,city2,11/11/2016
45,test3,city3,11/11/2016
46,test1,city1,11/11/2016
47,test2,city2,11/11/2016
48,test3,city3,11/11/2016
49,test1,city1,11/11/2016
50,test2,city2,11/11/2016
51,test3,city3,11/11/2016
52,test1,city1,11/11/2016
53,test2,city2,11/11/2016
54,test3,city3,11/11/2016
55,test1,city1,11/11/2016
56,test2,city2,11/11/2016
57,test3,city3,11/11/2016
58,test1,city1,11/11/2016
59,test2,city2,11/11/2016
60,test3,city3,11/11/2016
61,test1,city1,11/11/2016
62,test2,city2,11/11/2016
63,test3,city3,11/11/2016
64,test1,city1,11/11/2016
65,test2,city2,11/11/2016
66,test3,city3,11/11/2016
67,test1,city1,11/11/2016
68,test2,city2,11/11/2016
69,test3,city3,11/11/2016
70,test1,city1,11/11/2016
71,test2,city2,11/11/2016
72,test3,city3,11/11/2016
73,test1,city1,11/11/2016
74,test2,city2,11/11/2016
75,test3,city3,11/11/2016
76,test1,city1,11/11/2016
77,test2,city2,11/11/2016
78,test3,city3,11/11/2016
79,test1,city1,11/11/2016
80,test2,city2,11/11/2016
81,test3,city3,11/11/2016
82,test1,city1,11/11/2016
83,test2,city2,11/11/2016
84,test3,city3,11/11/2016
85,test1,city1,11/11/2016
86,test2,city2,11/11/2016
87,test3,city3,11/11/2016
88,test1,city1,11/11/2016
89,test2,city2,11/11/2016
90,test3,city3,11/11/2016
91,test1,city1,11/11/2016
92,test2,city2,11/11/2016
93,test3,city3,11/11/2016
94,test1,city1,11/11/2016
95,test2,city2,11/11/2016
96,test3,city3,11/11/2016
97,test1,city1,11/11/2016
98,test2,city2,11/11/2016
99,test3,city3,11/11/2016
100,test1,city1,11/11/2016
101,test2,city2,11/11/2016
102,test3,city3,11/11/2016
103,test1,city1,11/11/2016
104,test2,city2,11/11/2016
105,test3,city3,11/11/2016
106,test1,city1,11/11/2016
107,test2,city2,11/11/2016
108,test3,city3,11/11/2016
109,test1,city1,11/11/2016
110,test2,city2,11/11/2016
111,test3,city3,11/11/2016
112,test1,city1,11/11/2016
113,test2,city2,11/11/2016
114,test3,city3,11/11/2016
115,test1,city1,11/11/2016
116,test2,city2,11/11/2016
117,test3,city3,11/11/2016
118,test1,city1,11/11/2016
119,test2,city2,11/11/2016
120,test3,city3,11/11/2016
121,test1,city1,11/11/2016
122,test2,city2,11/11/2016
123,test3,city3,11/11/2016
124,test1,city1,11/11/2016
125,test2,city2,11/11/2016
126,test3,city3,11/11/2016
127,test1,city1,11/11/2016
128,test2,city2,11/11/2016
129,test3,city3,11/11/2016
130,test1,city1,11/11/2016
131,test2,city2,11/11/2016
132,test3,city3,11/11/2016
133,test1,city1,11/11/2016
134,test2,city2,11/11/2016
135,test3,city3,11/11/2016
136,test1,city1,11/11/2016
137,test2,city2,11/11/2016
138,test3,city3,11/11/2016
139,test1,city1,11/11/2016
140,test2,city2,11/11/2016
141,test3,city3,11/11/2016
142,test1,city1,11/11/2016
143,test2,city2,11/11/2016
144,test3,city3,11/11/2016
145,test1,city1,11/11/2016
146,test2,city2,11/11/2016
147,test3,city3,11/11/2016
148,test1,city1,11/11/2016
149,test2,city2,11/11/2016
150,test3,city3,11/11/2016
151,test1,city1,11/11/2016
152,test2,city2,11/11/2016
153,test3,city3,11/11/2016
154,test1,city1,11/11/2016
155,test2,city2,11/11/2016
156,test3,city3,11/11/2016
157,test1,city1,11/11/2016
158,test2,city2,11/11/2016
159,test3,city3,11/11/2016
160,test1,city1,11/11/2016
161,test2,city2,11/11/2016
162,test3,city3,11/11/2016
163,test1,city1,11/11/2016
164,test2,city2,11/11/2016
165,test3,city3,11/11/2016
166,test1,city1,11/11/2016
167,test2,city2,11/11/2016
168,test3,city3,11/11/2016
169,test1,city1,11/11/2016
170,test2,city2,11/11/2016
171,test3,city3,11/11/2016
172,test1,city1,11/11/2016
173,test2,city2,11/11/2016
174,test3,city3,11/11/2016
175,test1,city1,11/11/2016
176,test2,city2,11/11/2016
177,test3,city3,11/11/2016
178,test1,city1,11/11/2016
179,test2,city2,11/11/2016
180,test3,city3,11/11/2016
181,test1,city1,11/11/2016
182,test2,city2,11/11/2016
183,test3,city3,11/11/2016
184,test1,city1,11/11/2016
185,test2,city2,11/11/2016
186,test3,city3,11/11/2016
187,test1,city1,11/11/2016
188,test2,city2,11/11/2016
189,test3,city3,11/11/2016
190,test1,city1,11/11/2016
191,test2,city2,11/11/2016
192,test3,city3,11/11/2016
193,test1,city1,11/11/2016
194,test2,city2,11/11/2016
195,test3,city3,11/11/2016
196,test1,city1,11/11/2016
197,test2,city2,11/11/2016
198,test3,city3,11/11/2016
199,test1,city1,11/11/2016
200,test2,city2,11/11/2016
201,test3,city3,11/11/2016
202,test1,city1,11/11/2016
203,test2,city2,11/11/2016
204,test3,city3,11/11/2016
205,test1,city1,11/11/2016
206,test2,city2,11/11/2016
207,test3,city3,11/11/2016
208,test1,city1,11/11/2016
209,test2,city2,11/11/2016
210,test3,city3,11/11/2016
211,test1,city1,11/11/2016
212,test2,city2,11/11/2016
213,test3,city3,11/11/2016
214,test1,city1,11/11/2016
215,test2,city2,11/11/2016
216,test3,city3,11/11/2016
217,test1,city1,11/11/2016
218,test2,city2,11/11/2016
219,test3,city3,11/11/2016
220,test1,city1,11/11/2016
221,test2,city2,11/11/2016
222,test3,city3,11/11/2016
223,test1,city1,11/11/2016
224,test2,city2,11/11/2016
225,test3,city3,11/11/2016
226,test1,city1,11/11/2016
227,test2,city2,11/11/2016
228,test3,city3,11/11/2016
229,test1,city1,11/11/2016
230,test2,city2,11/11/2016
231,test3,city3,11/11/2016
232,test1,city1,11/11/2016
233,test2,city2,11/11/2016
234,test3,city3,11/11/2016
235,test1,city1,11/11/2016
236,test2,city2,11/11/2016
237,test3,city3,11/11/2016
238,test1,city1,11/11/2016
239,test2,city2,11/11/2016
240,test3,city3,11/11/2016
241,test1,city1,11/11/2016
242,test2,city2,11/11/2016
243,test3,city3,11/11/2016
244,test1,city1,11/11/2016
245,test2,city2,11/11/2016
246,test3,city3,11/11/2016
247,test1,city1,11/11/2016
248,test2,city2,11/11/2016
249,test3,city3,11/11/2016
250,test1,city1,11/11/2016
251,test2,city2,11/11/2016
252,test3,city3,11/11/2016
253,test1,city1,11/11/2016
254,test2,city2,11/11/2016
255,test3,city3,11/11/2016
256,test1,city1,11/11/2016
257,test2,city2,11/11/2016
258,test3,city3,11/11/2016
259,test1,city1,11/11/2016
260,test2,city2,11/11/2016
261,test3,city3,11/11/2016
262,test1,city1,11/11/2016
263,test2,city2,11/11/2016
264,test3,city3,11/11/2016
265,test1,city1,11/11/2016
266,test2,city2,11/11/2016
267,test3,city3,11/11/2016
268,test1,city1,11/11/2016
269,test2,city2,11/11/2016
270,test3,city3,11/11/2016
271,test1,city1,11/11/2016
272,test2,city2,11/11/2016
273,test3,city3,11/11/2016
274,test1,city1,11/11/2016
275,test2,city2,11/11/2016
276,test3,city3,11/11/2016
277,test1,city1,11/11/2016
278,test2,city2,11/11/2016
279,test3,city3,11/11/2016
280,test1,city1,11/11/2016
281,test2,city2,11/11/2016
282,test3,city3,11/11/2016
283,test1,city1,11/11/2016
284,test2,city2,11/11/2016
285,test3,city3,11/11/2016
286,test1,city1,11/11/2016
287,test2,city2,11/11/2016
288,test3,city3,11/11/2016
289,test1,city1,11/11/2016
290,test2,city2,11/11/2016
291,test3,city3,11/11/2016
292,test1,city1,11/11/2016
293,test2,city2,11/11/2016
294,test3,city3,11/11/2016
295,test1,city1,11/11/2016
296,test2,city2,11/11/2016
297,test3,city3,11/11/2016
298,test1,city1,11/11/2016
299,test2,city2,11/11/2016
300,test3,city3,11/11/2016
301,test1,city1,11/11/2016
302,test2,city2,11/11/2016
303,test3,city3,11/11/2016
304,test1,city1,11/11/2016
305,test2,city2,11/11/2016
306,test3,city3,11/11/2016
307,test1,city1,11/11/2016
308,test2,city2,11/11/2016
309,test3,city3,11/11/2016
310,test1,city1,11/11/2016
311,test2,city2,11/11/2016
312,test3,city3,11/11/2016
313,test1,city1,11/11/2016
314,test2,city2,11/11/2016
315,test3,city3,11/11/2016
316,test1,city1,11/11/2016
317,test2,city2,11/11/2016
318,test3,city3,11/11/2016
319,test1,city1,11/11/2016
320,test2,city2,11/11/2016
321,test3,city3,11/11/2016
322,test1,city1,11/11/2016
323,test2,city2,11/11/2016
324,test3,city3,11/11/2016
325,test1,city1,11/11/2016
326,test2,city2,11/11/2016
327,test3,city3,11/11/2016
328,test1,city1,11/11/2016
329,test2,city2,11/11/2016
330,test3,city3,11/11/2016
331,test1,city1,11/11/2016
332,test2,city2,11/11/2016
333,test3,city3,11/11/2016
334,test1,city1,11/11/2016
335,test2,city2,11/11/2016
336,test3,city3,11/11/2016
337,test1,city1,11/11/2016
338,test2,city2,11/11/2016
339,test3,city3,11/11/2016
340,test1,city1,11/11/2016
341,test2,city2,11/11/2016
342,test3,city3,11/11/2016
343,test1,city1,11/11/2016
344,test2,city2,11/11/2016
345,test3,city3,11/11/2016
346,test1,city1,11/11/2016
347,test2,city2,11/11/2016
348,test3,city3,11/11/2016
349,test1,city1,11/11/2016
350,test2,city2,11/11/2016
351,test3,city3,11/11/2016
352,test1,city1,11/11/2016
353,test2,city2,11/11/2016
354,test3,city3,11/11/2016
355,test1,city1,11/11/2016
356,test2,city2,11/11/2016
357,test3,city3,11/11/2016
358,test1,city1,11/11/2016
359,test2,city2,11/11/2016
360,test3,city3,11/11/2016
361,test1,city1,11/11/2016
362,test2,city2,11/11/2016
363,test3,city3,11/11/2016
364,test1,city1,11/11/2016
365,test2,city2,11/11/2016
366,test3,city3,11/11/2016
367,test1,city1,11/11/2016
368,test2,city2,11/11/2016
369,test3,city3,11/11/2016
370,test1,city1,11/11/2016
371,test2,city2,11/11/2016
372,test3,city3,11/11/2016
373,test1,city1,11/11/2016
374,test2,city2,11/11/2016
375,test3,city3,11/11/2016
376,test1,city1,11/11/2016
377,test2,city2,11/11/2016
378,test3,city3,11/11/2016
379,test1,city1,11/11/2016
380,test2,city2,11/11/2016
381,test3,city3,11/11/2016
382,test1,city1,11/11/2016
383,test2,city2,11/11/2016
384,test3,city3,11/11/2016
385,test1,city1,11/11/2016
386,test2,city2,11/11/2016
387,test3,city3,11/11/2016
388,test1,city1,11/11/2016
389,test2,city2,11/11/2016
390,test3,city3,11/11/2016
391,test1,city1,11/11/2016
392,test2,city2,11/11/2016
393,test3,city3,11/11/2016
394,test1,city1,11/11/2016
395,test2,city2,11/11/2016
396,test3,city3,11/11/2016
397,test1,city1,11/11/2016
398,test2,city2,11/11/2016
399,test3,city3,11/11/2016
400,test1,city1,11/11/2016
401,test2,city2,11/11/2016
402,test3,city3,11/11/2016
403,test1,city1,11/11/2016
404,test2,city2,11/11/2016
405,test3,city3,11/11/2016
406,test1,city1,11/11/2016
407,test2,city2,11/11/2016
408,test3,city3,11/11/2016
409,test1,city1,11/11/2016
410,test2,city2,11/11/2016
411,test3,city3,11/11/2016
412,test1,city1,11/11/2016
413,test2,city2,11/11/2016
414,test3,city3,11/11/2016
415,test1,city1,11/11/2016
416,test2,city2,11/11/2016
417,test3,city3,11/11/2016
418,test1,city1,11/11/2016
419,test2,city2,11/11/2016
420,test3,city3,11/11/2016
421,test1,city1,11/11/2016
422,test2,city2,11/11/2016
423,test3,city3,11/11/2016
424,test1,city1,11/11/2016
425,test2,city2,11/11/2016
426,test3,city3,11/11/2016
427,test1,city1,11/11/2016
428,test2,city2,11/11/2016
429,test3,city3,11/11/2016
430,test1,city1,11/11/2016
431,test2,city2,11/11/2016
432,test3,city3,11/11/2016
433,test1,city1,11/11/2016
434,test2,city2,11/11/2016
435,test3,city3,11/11/2016
436,test1,city1,11/11/2016
437,test2,city2,11/11/2016
438,test3,city3,11/11/2016
439,test1,city1,11/11/2016
440,test2,city2,11/11/2016
441,test3,city3,11/11/2016
442,test1,city1,11/11/2016
443,test2,city2,11/11/2016
444,test3,city3,11/11/2016
445,test1,city1,11/11/2016
446,test2,city2,11/11/2016
447,test3,city3,11/11/2016
448,test1,city1,11/11/2016
449,test2,city2,11/11/2016
450,test3,city3,11/11/2016
451,test1,city1,11/11/2016
452,test2,city2,11/11/2016
453,test3,city3,11/11/2016
454,test1,city1,11/11/2016
455,test2,city2,11/11/2016
456,test3,city3,11/11/2016
457,test1,city1,11/11/2016
458,test2,city2,11/11/2016
459,test3,city3,11/11/2016
460,test1,city1,11/11/2016
461,test2,city2,11/11/2016
462,test3,city3,11/11/2016
463,test1,city1,11/11/2016
464,test2,city2,11/11/2016
465,test3,city3,11/11/2016
466,test1,city1,11/11/2016
467,test2,city2,11/11/2016
468,test3,city3,11/11/2016
469,test1,city1,11/11/2016
470,test2,city2,11/11/2016
471,test3,city3,11/11/2016
472,test1,city1,11/11/2016
473,test2,city2,11/11/2016
474,test3,city3,11/11/2016
475,test1,city1,11/11/2016
476,test2,city2,11/11/2016
477,test3,city3,11/11/2016
478,test1,city1,11/11/2016
479,test2,city2,11/11/2016
480,test3,city3,11/11/2016
481,test1,city1,11/11/2016
482,test2,city2,11/11/2016
483,test3,city3,11/11/2016
484,test1,city1,11/11/2016
485,test2,city2,11/11/2016
486,test3,city3,11/11/2016
487,test1,city1,11/11/2016
488,test2,city2,11/11/2016
489,test3,city3,11/11/2016
490,test1,city1,11/11/2016
491,test2,city2,11/11/2016
492,test3,city3,11/11/2016
493,test1,city1,11/11/2016
494,test2,city2,11/11/2016
495,test3,city3,11/11/2016
496,test1,city1,11/11/2016
497,test2,city2,11/11/2016
498,test3,city3,11/11/2016
499,test1,city1,11/11/2016
500,test2,city2,11/11/2016
501,test3,city3,11/11/2016
502,test1,city1,11/11/2016
503,test2,city2,11/11/2016
504,test3,city3,11/11/2016
505,test1,city1,11/11/2016
506,test2,city2,11/11/2016
507,test3,city3,11/11/2016
508,test1,city1,11/11/2016
509,test2,city2,11/11/2016
510,test3,city3,11/11/2016
511,test1,city1,11/11/2016
512,test2,city2,11/11/2016
513,test3,city3,11/11/2016
514,test1,city1,11/11/2016
515,test2,city2,11/11/2016
516,test3,city3,11/11/2016
517,test1,city1,11/11/2016
518,test2,city2,11/11/2016
519,test3,city3,11/11/2016
520,test1,city1,11/11/2016
521,test2,city2,11/11/2016
522,test3,city3,11/11/2016
523,test1,city1,11/11/2016
524,test2,city2,11/11/2016
525,test3,city3,11/11/2016
526,test1,city1,11/11/2016
527,test2,city2,11/11/2016
528,test3,city3,11/11/2016
529,test1,city1,11/11/2016
530,test2,city2,11/11/2016
531,test3,city3,11/11/2016
532,test1,city1,11/11/2016
533,test2,city2,11/11/2016
534,test3,city3,11/11/2016
535,test1,city1,11/11/2016
536,test2,city2,11/11/2016
537,test3,city3,11/11/2016
538,test1,city1,11/11/2016
539,test2,city2,11/11/2016
540,test3,city3,11/11/2016
541,test1,city1,11/11/2016
542,test2,city2,11/11/2016
543,test3,city3,11/11/2016
544,test1,city1,11/11/2016
545,test2,city2,11/11/2016
546,test3,city3,11/11/2016
547,test1,city1,11/11/2016
548,test2,city2,11/11/2016
549,test3,city3,11/11/2016
550,test1,city1,11/11/2016
551,test2,city2,11/11/2016
552,test3,city3,11/11/2016
553,test1,city1,11/11/2016
554,test2,city2,11/11/2016
555,test3,city3,11/11/2016
556,test1,city1,11/11/2016
557,test2,city2,11/11/2016
558,test3,city3,11/11/2016
559,test1,city1,11/11/2016
560,test2,city2,11/11/2016
561,test3,city3,11/11/2016
562,test1,city1,11/11/2016
563,test2,city2,11/11/2016
564,test3,city3,11/11/2016
565,test1,city1,11/11/2016
566,test2,city2,11/11/2016
567,test3,city3,11/11/2016
568,test1,city1,11/11/2016
569,test2,city2,11/11/2016
570,test3,city3,11/11/2016
571,test1,city1,11/11/2016
572,test2,city2,11/11/2016
573,test3,city3,11/11/2016
574,test1,city1,11/11/2016
575,test2,city2,11/11/2016
576,test3,city3,11/11/2016
577,test1,city1,11/11/2016
578,test2,city2,11/11/2016
579,test3,city3,11/11/2016
580,test1,city1,11/11/2016
581,test2,city2,11/11/2016
582,test3,city3,11/11/2016
583,test1,city1,11/11/2016
584,test2,city2,11/11/2016
585,test3,city3,11/11/2016
586,test1,city1,11/11/2016
587,test2,city2,11/11/2016
588,test3,city3,11/11/2016
589,test1,city1,11/11/2016
590,test2,city2,11/11/2016
591,test3,city3,11/11/2016
592,test1,city1,11/11/2016
593,test2,city2,11/11/2016
594,test3,city3,11/11/2016
595,test1,city1,11/11/2016
596,test2,city2,11/11/2016
597,test3,city3,11/11/2016
598,test1,city1,11/11/2016
599,test2,city2,11/11/2016
600,test3,city3,11/11/2016
601,test1,city1,11/11/2016
602,test2,city2,11/11/2016
603,test3,city3,11/11/2016
604,test1,city1,11/11/2016
605,test2,city2,11/11/2016
606,test3,city3,11/11/2016
607,test1,city1,11/11/2016
608,test2,city2,11/11/2016
609,test3,city3,11/11/2016
610,test1,city1,11/11/2016
611,test2,city2,11/11/2016
612,test3,city3,11/11/2016
613,test1,city1,11/11/2016
614,test2,city2,11/11/2016
615,test3,city3,11/11/2016
616,test1,city1,11/11/2016
617,test2,city2,11/11/2016
618,test3,city3,11/11/2016
619,test1,city1,11/11/2016
620,test2,city2,11/11/2016
621,test3,city3,11/11/2016
622,test1,city1,11/11/2016
623,test2,city2,11/11/2016
624,test3,city3,11/11/2016
625,test1,city1,11/11/2016
626,test2,city2,11/11/2016
627,test3,city3,11/11/2016
628,test1,city1,11/11/2016
629,test2,city2,11/11/2016
630,test3,city3,11/11/2016
631,test1,city1,11/11/2016
632,test2,city2,11/11/2016
633,test3,city3,11/11/2016
634,test1,city1,11/11/2016
635,test2,city2,11/11/2016
636,test3,city3,11/11/2016
637,test1,city1,11/11/2016
638,test2,city2,11/11/2016
639,test3,city3,11/11/2016
640,test1,city1,11/11/2016
641,test2,city2,11/11/2016
642,test3,city3,11/11/2016
643,test1,city1,11/11/2016
644,test2,city2,11/11/2016
645,test3,city3,11/11/2016
646,test1,city1,11/11/2016
647,test2,city2,11/11/2016
648,test3,city3,11/11/2016
649,test1,city1,11/11/2016
650,test2,city2,11/11/2016
651,test3,city3,11/11/2016
652,test1,city1,11/11/2016
653,test2,city2,11/11/2016
654,test3,city3,11/11/2016
655,test1,city1,11/11/2016
656,test2,city2,11/11/2016
657,test3,city3,11/11/2016
658,test1,city1,11/11/2016
659,test2,city2,11/11/2016
660,test3,city3,11/11/2016
661,test1,city1,11/11/2016
662,test2,city2,11/11/2016
663,test3,city3,11/11/2016
664,test1,city1,11/11/2016
665,test2,city2,11/11/2016
666,test3,city3,11/11/2016
667,test1,city1,11/11/2016
668,test2,city2,11/11/2016
669,test3,city3,11/11/2016
670,test1,city1,11/11/2016
671,test2,city2,11/11/2016
672,test3,city3,11/11/2016
673,test1,city1,11/11/2016
674,test2,city2,11/11/2016
675,test3,city3,11/11/2016
676,test1,city1,11/11/2016
677,test2,city2,11/11/2016
678,test3,city3,11/11/2016
679,test1,city1,11/11/2016
680,test2,city2,11/11/2016
681,test3,city3,11/11/2016
682,test1,city1,11/11/2016
683,test2,city2,11/11/2016
684,test3,city3,11/11/2016
685,test1,city1,11/11/2016
686,test2,city2,11/11/2016
687,test3,city3,11/11/2016
688,test1,city1,11/11/2016
689,test2,city2,11/11/2016
690,test3,city3,11/11/2016
691,test1,city1,11/11/2016
692,test2,city2,11/11/2016
693,test3,city3,11/11/2016
694,test1,city1,11/11/2016
695,test2,city2,11/11/2016
696,test3,city3,11/11/2016
697,test1,city1,11/11/2016
698,test2,city2,11/11/2016
699,test3,city3,11/11/2016
700,test1,city1,11/11/2016
701,test2,city2,11/11/2016
702,test3,city3,11/11/2016
703,test1,city1,11/11/2016
704,test2,city2,11/11/2016
705,test3,city3,11/11/2016
706,test1,city1,11/11/2016
707,test2,city2,11/11/2016
708,test3,city3,11/11/2016
709,test1,city1,11/11/2016
710,test2,city2,11/11/2016
711,test3,city3,11/11/2016
712,test1,city1,11/11/2016
713,test2,city2,11/11/2016
714,test3,city3,11/11/2016
715,test1,city1,11/11/2016
716,test2,city2,11/11/2016
717,test3,city3,11/11/2016
718,test1,city1,11/11/2016
719,test2,city2,11/11/2016
720,test3,city3,11/11/2016
721,test1,city1,11/11/2016
722,test2,city2,11/11/2016
723,test3,city3,11/11/2016
724,test1,city1,11/11/2016
725,test2,city2,11/11/2016
726,test3,city3,11/11/2016
727,test1,city1,11/11/2016
728,test2,city2,11/11/2016
729,test3,city3,11/11/2016
730,test4,city4,11/11/2016
731,shop name,city,created on
732,test1,city1,11/11/2016
733,test2,city2,11/11/2016
734,test3,city3,11/11/2016
735,test1,city1,11/11/2016
736,test2,city2,11/11/2016
737,test3,city3,11/11/2016
738,test1,city1,11/11/2016
739,test2,city2,11/11/2016
740,test3,city3,11/11/2016
741,test1,city1,11/11/2016
742,test2,city2,11/11/2016
743,test3,city3,11/11/2016
744,test1,city1,11/11/2016
745,test2,city2,11/11/2016
746,test3,city3,11/11/2016
747,test1,city1,11/11/2016
748,test2,city2,11/11/2016
749,test3,city3,11/11/2016
750,test1,city1,11/11/2016
751,test2,city2,11/11/2016
752,test3,city3,11/11/2016
753,test1,city1,11/11/2016
754,test2,city2,11/11/2016
755,test3,city3,11/11/2016
756,test1,city1,11/11/2016
757,test2,city2,11/11/2016
758,test3,city3,11/11/2016
759,test1,city1,11/11/2016
760,test2,city2,11/11/2016
761,test3,city3,11/11/2016
762,test1,city1,11/11/2016
763,test2,city2,11/11/2016
764,test3,city3,11/11/2016
765,test1,city1,11/11/2016
766,test2,city2,11/11/2016
767,test3,city3,11/11/2016
768,test1,city1,11/11/2016
769,test2,city2,11/11/2016
770,test3,city3,11/11/2016
771,test1,city1,11/11/2016
772,test2,city2,11/11/2016
773,test3,city3,11/11/2016
774,test1,city1,11/11/2016
775,test2,city2,11/11/2016
776,test3,city3,11/11/2016
777,test1,city1,11/11/2016
778,test2,city2,11/11/2016
779,test3,city3,11/11/2016
780,test1,city1,11/11/2016
781,test2,city2,11/11/2016
782,test3,city3,11/11/2016
783,test1,city1,11/11/2016
784,test2,city2,11/11/2016
785,test3,city3,11/11/2016
786,test1,city1,11/11/2016
787,test2,city2,11/11/2016
788,test3,city3,11/11/2016
789,test1,city1,11/11/2016
790,test2,city2,11/11/2016
791,test3,city3,11/11/2016
792,test1,city1,11/11/2016
793,test2,city2,11/11/2016
794,test3,city3,11/11/2016
795,test1,city1,11/11/2016
796,test2,city2,11/11/2016
797,test3,city3,11/11/2016
798,test1,city1,11/11/2016
799,test2,city2,11/11/2016
800,test3,city3,11/11/2016
801,test1,city1,11/11/2016
802,test2,city2,11/11/2016
803,test3,city3,11/11/2016
804,test1,city1,11/11/2016
805,test2,city2,11/11/2016
806,test3,city3,11/11/2016
807,test1,city1,11/11/2016
808,test2,city2,11/11/2016
809,test3,city3,11/11/2016
810,test1,city1,11/11/2016
811,test2,city2,11/11/2016
812,test3,city3,11/11/2016
813,test1,city1,11/11/2016
814,test2,city2,11/11/2016
815,test3,city3,11/11/2016
816,test1,city1,11/11/2016
817,test2,city2,11/11/2016
818,test3,city3,11/11/2016
819,test1,city1,11/11/2016
820,test2,city2,11/11/2016
821,test3,city3,11/11/2016
822,test1,city1,11/11/2016
823,test2,city2,11/11/2016
824,test3,city3,11/11/2016
825,test1,city1,11/11/2016
826,test2,city2,11/11/2016
827,test3,city3,11/11/2016
828,test1,city1,11/11/2016
829,test2,city2,11/11/2016
830,test3,city3,11/11/2016
831,test1,city1,11/11/2016
832,test2,city2,11/11/2016
833,test3,city3,11/11/2016
834,test1,city1,11/11/2016
835,test2,city2,11/11/2016
836,test3,city3,11/11/2016
837,test1,city1,11/11/2016
838,test2,city2,11/11/2016
839,test3,city3,11/11/2016
840,test1,city1,11/11/2016
841,test2,city2,11/11/2016
842,test3,city3,11/11/2016
843,test1,city1,11/11/2016
844,test2,city2,11/11/2016
845,test3,city3,11/11/2016
846,test1,city1,11/11/2016
847,test2,city2,11/11/2016
848,test3,city3,11/11/2016
849,test1,city1,11/11/2016
850,test2,city2,11/11/2016
851,test3,city3,11/11/2016
852,test1,city1,11/11/2016
853,test2,city2,11/11/2016
854,test3,city3,11/11/2016
855,test1,city1,11/11/2016
856,test2,city2,11/11/2016
857,test3,city3,11/11/2016
858,test1,city1,11/11/2016
859,test2,city2,11/11/2016
860,test3,city3,11/11/2016
861,test1,city1,11/11/2016
862,test2,city2,11/11/2016
863,test3,city3,11/11/2016
864,test1,city1,11/11/2016
865,test2,city2,11/11/2016
866,test3,city3,11/11/2016
867,test1,city1,11/11/2016
868,test2,city2,11/11/2016
869,test3,city3,11/11/2016
870,test1,city1,11/11/2016
871,test2,city2,11/11/2016
872,test3,city3,11/11/2016
873,test1,city1,11/11/2016
874,test2,city2,11/11/2016
875,test3,city3,11/11/2016
876,test1,city1,11/11/2016
877,test2,city2,11/11/2016
878,test3,city3,11/11/2016
879,test1,city1,11/11/2016
880,test2,city2,11/11/2016
881,test3,city3,11/11/2016
882,test1,city1,11/11/2016
883,test2,city2,11/11/2016
884,test3,city3,11/11/2016
885,test1,city1,11/11/2016
886,test2,city2,11/11/2016
887,test3,city3,11/11/2016
888,test1,city1,11/11/2016
889,test2,city2,11/11/2016
890,test3,city3,11/11/2016
891,test1,city1,11/11/2016
892,test2,city2,11/11/2016
893,test3,city3,11/11/2016
894,test1,city1,11/11/2016
895,test2,city2,11/11/2016
896,test3,city3,11/11/2016
897,test1,city1,11/11/2016
898,test2,city2,11/11/2016
899,test3,city3,11/11/2016
900,test1,city1,11/11/2016
901,test2,city2,11/11/2016
902,test3,city3,11/11/2016
903,test1,city1,11/11/2016
904,test2,city2,11/11/2016
905,test3,city3,11/11/2016
906,test1,city1,11/11/2016
907,test2,city2,11/11/2016
908,test3,city3,11/11/2016
909,test1,city1,11/11/2016
910,test2,city2,11/11/2016
911,test3,city3,11/11/2016
912,test1,city1,11/11/2016
913,test2,city2,11/11/2016
914,test3,city3,11/11/2016
915,test1,city1,11/11/2016
916,test2,city2,11/11/2016
917,test3,city3,11/11/2016
918,test1,city1,11/11/2016
919,test2,city2,11/11/2016
920,test3,city3,11/11/2016
921,test1,city1,11/11/2016
922,test2,city2,11/11/2016
923,test3,city3,11/11/2016
924,test1,city1,11/11/2016
925,test2,city2,11/11/2016
926,test3,city3,11/11/2016
927,test1,city1,11/11/2016
928,test2,city2,11/11/2016
929,test3,city3,11/11/2016
930,test1,city1,11/11/2016
931,test2,city2,11/11/2016
932,test3,city3,11/11/2016
933,test1,city1,11/11/2016
934,test2,city2,11/11/2016
935,test3,city3,11/11/2016
936,test1,city1,11/11/2016
937,test2,city2,11/11/2016
938,test3,city3,11/11/2016
939,test1,city1,11/11/2016
940,test2,city2,11/11/2016
941,test3,city3,11/11/2016
942,test1,city1,11/11/2016
943,test2,city2,11/11/2016
944,test3,city3,11/11/2016
945,test1,city1,11/11/2016
946,test2,city2,11/11/2016
947,test3,city3,11/11/2016
948,test1,city1,11/11/2016
949,test2,city2,11/11/2016
950,test3,city3,11/11/2016
951,test1,city1,11/11/2016
952,test2,city2,11/11/2016
953,test3,city3,11/11/2016
954,test1,city1,11/11/2016
955,test2,city2,11/11/2016
956,test3,city3,11/11/2016
957,test1,city1,11/11/2016
958,test2,city2,11/11/2016
959,test3,city3,11/11/2016
960,test1,city1,11/11/2016
961,test2,city2,11/11/2016
962,test3,city3,11/11/2016
963,test1,city1,11/11/2016
964,test2,city2,11/11/2016
965,test3,city3,11/11/2016
966,test1,city1,11/11/2016
967,test2,city2,11/11/2016
968,test3,city3,11/11/2016
969,test1,city1,11/11/2016
970,test2,city2,11/11/2016
971,test3,city3,11/11/2016
972,test1,city1,11/11/2016
973,test2,city2,11/11/2016
974,test3,city3,11/11/2016
975,test1,city1,11/11/2016
976,test2,city2,11/11/2016
977,test3,city3,11/11/2016
978,test1,city1,11/11/2016
979,test2,city2,11/11/2016
980,test3,city3,11/11/2016
981,test1,city1,11/11/2016
982,test2,city2,11/11/2016
983,test3,city3,11/11/2016
984,test1,city1,11/11/2016
985,test2,city2,11/11/2016
986,test3,city3,11/11/2016
987,test1,city1,11/11/2016
988,test2,city2,11/11/2016
989,test3,city3,11/11/2016
990,test1,city1,11/11/2016
991,test2,city2,11/11/2016
992,test3,city3,11/11/2016
993,test1,city1,11/11/2016
994,test2,city2,11/11/2016
995,test3,city3,11/11/2016
996,test1,city1,11/11/2016
997,test2,city2,11/11/2016
998,test3,city3,11/11/2016
999,test1,city1,11/11/2016
1000,test2,city2,11/11/2016
1001,test3,city3,11/11/2016
1002,test1,city1,11/11/2016
1003,test2,city2,11/11/2016
1004,test3,city3,11/11/2016
1005,test1,city1,11/11/2016
1006,test2,city2,11/11/2016
1007,test3,city3,11/11/2016
1008,test1,city1,11/11/2016
1009,test2,city2,11/11/2016
1010,test3,city3,11/11/2016
1011,test1,city1,11/11/2016
1012,test2,city2,11/11/2016
1013,test3,city3,11/11/2016
1014,test1,city1,11/11/2016
1015,test2,city2,11/11/2016
1016,test3,city3,11/11/2016
1017,test1,city1,11/11/2016
1018,test2,city2,11/11/2016
1019,test3,city3,11/11/2016
1020,test1,city1,11/11/2016
1021,test2,city2,11/11/2016
1022,test3,city3,11/11/2016
1023,test1,city1,11/11/2016
1024,test2,city2,11/11/2016
1025,test3,city3,11/11/2016
1026,test1,city1,11/11/2016
1027,test2,city2,11/11/2016
1028,test3,city3,11/11/2016
1029,test1,city1,11/11/2016
1030,test2,city2,11/11/2016
1031,test3,city3,11/11/2016
1032,test1,city1,11/11/2016
1033,test2,city2,11/11/2016
1034,test3,city3,11/11/2016
1035,test1,city1,11/11/2016
1036,test2,city2,11/11/2016
1037,test3,city3,11/11/2016
1038,test1,city1,11/11/2016
1039,test2,city2,11/11/2016
1040,test3,city3,11/11/2016
1041,test1,city1,11/11/2016
1042,test2,city2,11/11/2016
1043,test3,city3,11/11/2016
1044,test1,city1,11/11/2016
1045,test2,city2,11/11/2016
1046,test3,city3,11/11/2016
1047,test1,city1,11/11/2016
1048,test2,city2,11/11/2016
1049,test3,city3,11/11/2016
1050,test1,city1,11/11/2016
1051,test2,city2,11/11/2016
1052,test3,city3,11/11/2016
1053,test1,city1,11/11/2016
1054,test2,city2,11/11/2016
1055,test3,city3,11/11/2016
1056,test1,city1,11/11/2016
1057,test2,city2,11/11/2016
1058,test3,city3,11/11/2016
1059,test1,city1,11/11/2016
1060,test2,city2,11/11/2016
1061,test3,city3,11/11/2016
1062,test1,city1,11/11/2016
1063,test2,city2,11/11/2016
1064,test3,city3,11/11/2016
1065,test1,city1,11/11/2016
1066,test2,city2,11/11/2016
1067,test3,city3,11/11/2016
1068,test1,city1,11/11/2016
1069,test2,city2,11/11/2016
1070,test3,city3,11/11/2016
1071,test1,city1,11/11/2016
1072,test2,city2,11/11/2016
1073,test3,city3,11/11/2016
1074,test1,city1,11/11/2016
1075,test2,city2,11/11/2016
1076,test3,city3,11/11/2016
1077,test1,city1,11/11/2016
1078,test2,city2,11/11/2016
1079,test3,city3,11/11/2016
1080,test1,city1,11/11/2016
1081,test2,city2,11/11/2016
1082,test3,city3,11/11/2016
1083,test1,city1,11/11/2016
1084,test2,city2,11/11/2016
1085,test3,city3,11/11/2016
1086,test1,city1,11/11/2016
1087,test2,city2,11/11/2016
1088,test3,city3,11/11/2016
1089,test1,city1,11/11/2016
1090,test2,city2,11/11/2016
1091,test3,city3,11/11/2016
1092,test1,city1,11/11/2016
1093,test2,city2,11/11/2016
1094,test3,city3,11/11/2016
1095,test1,city1,11/11/2016
1096,test2,city2,11/11/2016
1097,test3,city3,11/11/2016
1098,test1,city1,11/11/2016
1099,test2,city2,11/11/2016
1100,test3,city3,11/11/2016
1101,test1,city1,11/11/2016
1102,test2,city2,11/11/2016
1103,test3,city3,11/11/2016
1104,test1,city1,11/11/2016
1105,test2,city2,11/11/2016
1106,test3,city3,11/11/2016
1107,test1,city1,11/11/2016
1108,test2,city2,11/11/2016
1109,test3,city3,11/11/2016
1110,test1,city1,11/11/2016
1111,test2,city2,11/11/2016
1112,test3,city3,11/11/2016
1113,test1,city1,11/11/2016
1114,test2,city2,11/11/2016
1115,test3,city3,11/11/2016
1116,test1,city1,11/11/2016
1117,test2,city2,11/11/2016
1118,test3,city3,11/11/2016
1119,test1,city1,11/11/2016
1120,test2,city2,11/11/2016
1121,test3,city3,11/11/2016
1122,test1,city1,11/11/2016
1123,test2,city2,11/11/2016
1124,test3,city3,11/11/2016
1125,test1,city1,11/11/2016
1126,test2,city2,11/11/2016
1127,test3,city3,11/11/2016
1128,test1,city1,11/11/2016
1129,test2,city2,11/11/2016
1130,test3,city3,11/11/2016
1131,test1,city1,11/11/2016
1132,test2,city2,11/11/2016
1133,test3,city3,11/11/2016
1134,test1,city1,11/11/2016
1135,test2,city2,11/11/2016
1136,test3,city3,11/11/2016
1137,test1,city1,11/11/2016
1138,test2,city2,11/11/2016
1139,test3,city3,11/11/2016
1140,test1,city1,11/11/2016
1141,test2,city2,11/11/2016
1142,test3,city3,11/11/2016
1143,test1,city1,11/11/2016
1144,test2,city2,11/11/2016
1145,test3,city3,11/11/2016
1146,test1,city1,11/11/2016
1147,test2,city2,11/11/2016
1148,test3,city3,11/11/2016
1149,test1,city1,11/11/2016
1150,test2,city2,11/11/2016
1151,test3,city3,11/11/2016
1152,test1,city1,11/11/2016
1153,test2,city2,11/11/2016
1154,test3,city3,11/11/2016
1155,test1,city1,11/11/2016
1156,test2,city2,11/11/2016
1157,test3,city3,11/11/2016
1158,test1,city1,11/11/2016
1159,test2,city2,11/11/2016
1160,test3,city3,11/11/2016
1161,test1,city1,11/11/2016
1162,test2,city2,11/11/2016
1163,test3,city3,11/11/2016
1164,test1,city1,11/11/2016
1165,test2,city2,11/11/2016
1166,test3,city3,11/11/2016
1167,test1,city1,11/11/2016
1168,test2,city2,11/11/2016
1169,test3,city3,11/11/2016
1170,test1,city1,11/11/2016
1171,test2,city2,11/11/2016
1172,test3,city3,11/11/2016
1173,test1,city1,11/11/2016
1174,test2,city2,11/11/2016
1175,test3,city3,11/11/2016
1176,test1,city1,11/11/2016
1177,test2,city2,11/11/2016
1178,test3,city3,11/11/2016
1179,test1,city1,11/11/2016
1180,test2,city2,11/11/2016
1181,test3,city3,11/11/2016
1182,test1,city1,11/11/2016
1183,test2,city2,11/11/2016
1184,test3,city3,11/11/2016
1185,test1,city1,11/11/2016
1186,test2,city2,11/11/2016
1187,test3,city3,11/11/2016
1188,test1,city1,11/11/2016
1189,test2,city2,11/11/2016
1190,test3,city3,11/11/2016
1191,test1,city1,11/11/2016
1192,test2,city2,11/11/2016
1193,test3,city3,11/11/2016
1194,test1,city1,11/11/2016
1195,test2,city2,11/11/2016
1196,test3,city3,11/11/2016
1197,test1,city1,11/11/2016
1198,test2,city2,11/11/2016
1199,test3,city3,11/11/2016
1200,test1,city1,11/11/2016
1201,test2,city2,11/11/2016
1202,test3,city3,11/11/2016
1203,test1,city1,11/11/2016
1204,test2,city2,11/11/2016
1205,test3,city3,11/11/2016
1206,test1,city1,11/11/2016
1207,test2,city2,11/11/2016
1208,test3,city3,11/11/2016
1209,test1,city1,11/11/2016
1210,test2,city2,11/11/2016
1211,test3,city3,11/11/2016
1212,test1,city1,11/11/2016
1213,test2,city2,11/11/2016
1214,test3,city3,11/11/2016
1215,test1,city1,11/11/2016
1216,test2,city2,11/11/2016
1217,test3,city3,11/11/2016
1218,test1,city1,11/11/2016
1219,test2,city2,11/11/2016
1220,test3,city3,11/11/2016
1221,test1,city1,11/11/2016
1222,test2,city2,11/11/2016
1223,test3,city3,11/11/2016
1224,test1,city1,11/11/2016
1225,test2,city2,11/11/2016
1226,test3,city3,11/11/2016
1227,test1,city1,11/11/2016
1228,test2,city2,11/11/2016
1229,test3,city3,11/11/2016
1230,test1,city1,11/11/2016
1231,test2,city2,11/11/2016
1232,test3,city3,11/11/2016
1233,test1,city1,11/11/2016
1234,test2,city2,11/11/2016
1235,test3,city3,11/11/2016
1236,test1,city1,11/11/2016
1237,test2,city2,11/11/2016
1238,test3,city3,11/11/2016
1239,test1,city1,11/11/2016
1240,test2,city2,11/11/2016
1241,test3,city3,11/11/2016
1242,test1,city1,11/11/2016
1243,test2,city2,11/11/2016
1244,test3,city3,11/11/2016
1245,test1,city1,11/11/2016
1246,test2,city2,11/11/2016
1247,test3,city3,11/11/2016
1248,test1,city1,11/11/2016
1249,test2,city2,11/11/2016
1250,test3,city3,11/11/2016
1251,test1,city1,11/11/2016
1252,test2,city2,11/11/2016
1253,test3,city3,11/11/2016
1254,test1,city1,11/11/2016
1255,test2,city2,11/11/2016
1256,test3,city3,11/11/2016
1257,test1,city1,11/11/2016
1258,test2,city2,11/11/2016
1259,test3,city3,11/11/2016
1260,test1,city1,11/11/2016
1261,test2,city2,11/11/2016
1262,test3,city3,11/11/2016
1263,test1,city1,11/11/2016
1264,test2,city2,11/11/2016
1265,test3,city3,11/11/2016
1266,test1,city1,11/11/2016
1267,test2,city2,11/11/2016
1268,test3,city3,11/11/2016
1269,test1,city1,11/11/2016
1270,test2,city2,11/11/2016
1271,test3,city3,11/11/2016
1272,test1,city1,11/11/2016
1273,test2,city2,11/11/2016
1274,test3,city3,11/11/2016
1275,test1,city1,11/11/2016
1276,test2,city2,11/11/2016
1277,test3,city3,11/11/2016
1278,test1,city1,11/11/2016
1279,test2,city2,11/11/2016
1280,test3,city3,11/11/2016
1281,test1,city1,11/11/2016
1282,test2,city2,11/11/2016
1283,test3,city3,11/11/2016
1284,test1,city1,11/11/2016
1285,test2,city2,11/11/2016
1286,test3,city3,11/11/2016
1287,test1,city1,11/11/2016
1288,test2,city2,11/11/2016
1289,test3,city3,11/11/2016
1290,test1,city1,11/11/2016
1291,test2,city2,11/11/2016
1292,test3,city3,11/11/2016
1293,test1,city1,11/11/2016
1294,test2,city2,11/11/2016
1295,test3,city3,11/11/2016
1296,test1,city1,11/11/2016
1297,test2,city2,11/11/2016
1298,test3,city3,11/11/2016
1299,test1,city1,11/11/2016
1300,test2,city2,11/11/2016
1301,test3,city3,11/11/2016
1302,test1,city1,11/11/2016
1303,test2,city2,11/11/2016
1304,test3,city3,11/11/2016
1305,test1,city1,11/11/2016
1306,test2,city2,11/11/2016
1307,test3,city3,11/11/2016
1308,test1,city1,11/11/2016
1309,test2,city2,11/11/2016
1310,test3,city3,11/11/2016
1311,test1,city1,11/11/2016
1312,test2,city2,11/11/2016
1313,test3,city3,11/11/2016
1314,test1,city1,11/11/2016
1315,test2,city2,11/11/2016
1316,test3,city3,11/11/2016
1317,test1,city1,11/11/2016
1318,test2,city2,11/11/2016
1319,test3,city3,11/11/2016
1320,test1,city1,11/11/2016
1321,test2,city2,11/11/2016
1322,test3,city3,11/11/2016
1323,test1,city1,11/11/2016
1324,test2,city2,11/11/2016
1325,test3,city3,11/11/2016
1326,test1,city1,11/11/2016
1327,test2,city2,11/11/2016
1328,test3,city3,11/11/2016
1329,test1,city1,11/11/2016
1330,test2,city2,11/11/2016
1331,test3,city3,11/11/2016
1332,test1,city1,11/11/2016
1333,test2,city2,11/11/2016
1334,test3,city3,11/11/2016
1335,test1,city1,11/11/2016
1336,test2,city2,11/11/2016
1337,test3,city3,11/11/2016
1338,test1,city1,11/11/2016
1339,test2,city2,11/11/2016
1340,test3,city3,11/11/2016
1341,test1,city1,11/11/2016
1342,test2,city2,11/11/2016
1343,test3,city3,11/11/2016
1344,test1,city1,11/11/2016
1345,test2,city2,11/11/2016
1346,test3,city3,11/11/2016
1347,test1,city1,11/11/2016
1348,test2,city2,11/11/2016
1349,test3,city3,11/11/2016
1350,test1,city1,11/11/2016
1351,test2,city2,11/11/2016
1352,test3,city3,11/11/2016
1353,test1,city1,11/11/2016
1354,test2,city2,11/11/2016
1355,test3,city3,11/11/2016
1356,test1,city1,11/11/2016
1357,test2,city2,11/11/2016
1358,test3,city3,11/11/2016
1359,test1,city1,11/11/2016
1360,test2,city2,11/11/2016
1361,test3,city3,11/11/2016
1362,test1,city1,11/11/2016
1363,test2,city2,11/11/2016
1364,test3,city3,11/11/2016
1365,test1,city1,11/11/2016
1366,test2,city2,11/11/2016
1367,test3,city3,11/11/2016
1368,test1,city1,11/11/2016
1369,test2,city2,11/11/2016
1370,test3,city3,11/11/2016
1371,test1,city1,11/11/2016
1372,test2,city2,11/11/2016
1373,test3,city3,11/11/2016
1374,test1,city1,11/11/2016
1375,test2,city2,11/11/2016
1376,test3,city3,11/11/2016
1377,test1,city1,11/11/2016
1378,test2,city2,11/11/2016
1379,test3,city3,11/11/2016
1380,test1,city1,11/11/2016
1381,test2,city2,11/11/2016
1382,test3,city3,11/11/2016
1383,test1,city1,11/11/2016
1384,test2,city2,11/11/2016
1385,test3,city3,11/11/2016
1386,test1,city1,11/11/2016
1387,test2,city2,11/11/2016
1388,test3,city3,11/11/2016
1389,test1,city1,11/11/2016
1390,test2,city2,11/11/2016
1391,test3,city3,11/11/2016
1392,test1,city1,11/11/2016
1393,test2,city2,11/11/2016
1394,test3,city3,11/11/2016
1395,test1,city1,11/11/2016
1396,test2,city2,11/11/2016
1397,test3,city3,11/11/2016
1398,test1,city1,11/11/2016
1399,test2,city2,11/11/2016
1400,test3,city3,11/11/2016
1401,test1,city1,11/11/2016
1402,test2,city2,11/11/2016
1403,test3,city3,11/11/2016
1404,test1,city1,11/11/2016
1405,test2,city2,11/11/2016
1406,test3,city3,11/11/2016
1407,test1,city1,11/11/2016
1408,test2,city2,11/11/2016
1409,test3,city3,11/11/2016
1410,test1,city1,11/11/2016
1411,test2,city2,11/11/2016
1412,test3,city3,11/11/2016
1413,test1,city1,11/11/2016
1414,test2,city2,11/11/2016
1415,test3,city3,11/11/2016
1416,test1,city1,11/11/2016
1417,test2,city2,11/11/2016
1418,test3,city3,11/11/2016
1419,test1,city1,11/11/2016
1420,test2,city2,11/11/2016
1421,test3,city3,11/11/2016
1422,test1,city1,11/11/2016
1423,test2,city2,11/11/2016
1424,test3,city3,11/11/2016
1425,test1,city1,11/11/2016
1426,test2,city2,11/11/2016
1427,test3,city3,11/11/2016
1428,test1,city1,11/11/2016
1429,test2,city2,11/11/2016
1430,test3,city3,11/11/2016
1431,test1,city1,11/11/2016
1432,test2,city2,11/11/2016
1433,test3,city3,11/11/2016
1434,test1,city1,11/11/2016
1435,test2,city2,11/11/2016
1436,test3,city3,11/11/2016
1437,test1,city1,11/11/2016
1438,test2,city2,11/11/2016
1439,test3,city3,11/11/2016
1440,test1,city1,11/11/2016
1441,test2,city2,11/11/2016
1442,test3,city3,11/11/2016
1443,test1,city1,11/11/2016
1444,test2,city2,11/11/2016
1445,test3,city3,11/11/2016
1446,test1,city1,11/11/2016
1447,test2,city2,11/11/2016
1448,test3,city3,11/11/2016
1449,test1,city1,11/11/2016
1450,test2,city2,11/11/2016
1451,test3,city3,11/11/2016
1452,test1,city1,11/11/2016
1453,test2,city2,11/11/2016
1454,test3,city3,11/11/2016
1455,test1,city1,11/11/2016
1456,test2,city2,11/11/2016
1457,test3,city3,11/11/2016
1458,test1,city1,11/11/2016
1459,test2,city2,11/11/2016
1460,test3,city3,11/11/2016
1461,test4,city4,11/11/2016
1462,shop name,city,created on
1463,test1,city1,11/11/2016
1464,test2,city2,11/11/2016
1465,test3,city3,11/11/2016
1466,test1,city1,11/11/2016
1467,test2,city2,11/11/2016
1468,test3,city3,11/11/2016
1469,test1,city1,11/11/2016
1470,test2,city2,11/11/2016
1471,test3,city3,11/11/2016
1472,test1,city1,11/11/2016
1473,test2,city2,11/11/2016
1474,test3,city3,11/11/2016
1475,test1,city1,11/11/2016
1476,test2,city2,11/11/2016
1477,test3,city3,11/11/2016
1478,test1,city1,11/11/2016
1479,test2,city2,11/11/2016
1480,test3,city3,11/11/2016
1481,test1,city1,11/11/2016
1482,test2,city2,11/11/2016
1483,test3,city3,11/11/2016
1484,test1,city1,11/11/2016
1485,test2,city2,11/11/2016
1486,test3,city3,11/11/2016
1487,test1,city1,11/11/2016
1488,test2,city2,11/11/2016
1489,test3,city3,11/11/2016
1490,test1,city1,11/11/2016
1491,test2,city2,11/11/2016
1492,test3,city3,11/11/2016
1493,test1,city1,11/11/2016
1494,test2,city2,11/11/2016
1495,test3,city3,11/11/2016
1496,test1,city1,11/11/2016
1497,test2,city2,11/11/2016
1498,test3,city3,11/11/2016
1499,test1,city1,11/11/2016
1500,test2,city2,11/11/2016
1501,test3,city3,11/11/2016
1502,test1,city1,11/11/2016
1503,test2,city2,11/11/2016
1504,test3,city3,11/11/2016
1505,test1,city1,11/11/2016
1506,test2,city2,11/11/2016
1507,test3,city3,11/11/2016
1508,test1,city1,11/11/2016
1509,test2,city2,11/11/2016
1510,test3,city3,11/11/2016
1511,test1,city1,11/11/2016
1512,test2,city2,11/11/2016
1513,test3,city3,11/11/2016
1514,test1,city1,11/11/2016
1515,test2,city2,11/11/2016
1516,test3,city3,11/11/2016
1517,test1,city1,11/11/2016
1518,test2,city2,11/11/2016
1519,test3,city3,11/11/2016
1520,test1,city1,11/11/2016
1521,test2,city2,11/11/2016
1522,test3,city3,11/11/2016
1523,test1,city1,11/11/2016
1524,test2,city2,11/11/2016
1525,test3,city3,11/11/2016
1526,test1,city1,11/11/2016
1527,test2,city2,11/11/2016
1528,test3,city3,11/11/2016
1529,test1,city1,11/11/2016
1530,test2,city2,11/11/2016
1531,test3,city3,11/11/2016
1532,test1,city1,11/11/2016
1533,test2,city2,11/11/2016
1534,test3,city3,11/11/2016
1535,test1,city1,11/11/2016
1536,test2,city2,11/11/2016
1537,test3,city3,11/11/2016
1538,test1,city1,11/11/2016
1539,test2,city2,11/11/2016
1540,test3,city3,11/11/2016
1541,test1,city1,11/11/2016
1542,test2,city2,11/11/2016
1543,test3,city3,11/11/2016
1544,test1,city1,11/11/2016
1545,test2,city2,11/11/2016
1546,test3,city3,11/11/2016
1547,test1,city1,11/11/2016
1548,test2,city2,11/11/2016
1549,test3,city3,11/11/2016
1550,test1,city1,11/11/2016
1551,test2,city2,11/11/2016
1552,test3,city3,11/11/2016
1553,test1,city1,11/11/2016
1554,test2,city2,11/11/2016
1555,test3,city3,11/11/2016
1556,test1,city1,11/11/2016
1557,test2,city2,11/11/2016
1558,test3,city3,11/11/2016
1559,test1,city1,11/11/2016
1560,test2,city2,11/11/2016
1561,test3,city3,11/11/2016
1562,test1,city1,11/11/2016
1563,test2,city2,11/11/2016
1564,test3,city3,11/11/2016
1565,test1,city1,11/11/2016
1566,test2,city2,11/11/2016
1567,test3,city3,11/11/2016
1568,test1,city1,11/11/2016
1569,test2,city2,11/11/2016
1570,test3,city3,11/11/2016
1571,test1,city1,11/11/2016
1572,test2,city2,11/11/2016
1573,test3,city3,11/11/2016
1574,test1,city1,11/11/2016
1575,test2,city2,11/11/2016
1576,test3,city3,11/11/2016
1577,test1,city1,11/11/2016
1578,test2,city2,11/11/2016
1579,test3,city3,11/11/2016
1580,test1,city1,11/11/2016
1581,test2,city2,11/11/2016
1582,test3,city3,11/11/2016
1583,test1,city1,11/11/2016
1584,test2,city2,11/11/2016
1585,test3,city3,11/11/2016
1586,test1,city1,11/11/2016
1587,test2,city2,11/11/2016
1588,test3,city3,11/11/2016
1589,test1,city1,11/11/2016
1590,test2,city2,11/11/2016
1591,test3,city3,11/11/2016
1592,test1,city1,11/11/2016
1593,test2,city2,11/11/2016
1594,test3,city3,11/11/2016
1595,test1,city1,11/11/2016
1596,test2,city2,11/11/2016
1597,test3,city3,11/11/2016
1598,test1,city1,11/11/2016
1599,test2,city2,11/11/2016
1600,test3,city3,11/11/2016
1601,test1,city1,11/11/2016
1602,test2,city2,11/11/2016
1603,test3,city3,11/11/2016
1604,test1,city1,11/11/2016
1605,test2,city2,11/11/2016
1606,test3,city3,11/11/2016
1607,test1,city1,11/11/2016
1608,test2,city2,11/11/2016
1609,test3,city3,11/11/2016
1610,test1,city1,11/11/2016
1611,test2,city2,11/11/2016
1612,test3,city3,11/11/2016
1613,test1,city1,11/11/2016
1614,test2,city2,11/11/2016
1615,test3,city3,11/11/2016
1616,test1,city1,11/11/2016
1617,test2,city2,11/11/2016
1618,test3,city3,11/11/2016
1619,test1,city1,11/11/2016
1620,test2,city2,11/11/2016
1621,test3,city3,11/11/2016
1622,test1,city1,11/11/2016
1623,test2,city2,11/11/2016
1624,test3,city3,11/11/2016
1625,test1,city1,11/11/2016
1626,test2,city2,11/11/2016
1627,test3,city3,11/11/2016
1628,test1,city1,11/11/2016
1629,test2,city2,11/11/2016
1630,test3,city3,11/11/2016
1631,test1,city1,11/11/2016
1632,test2,city2,11/11/2016
1633,test3,city3,11/11/2016
1634,test1,city1,11/11/2016
1635,test2,city2,11/11/2016
1636,test3,city3,11/11/2016
1637,test1,city1,11/11/2016
1638,test2,city2,11/11/2016
1639,test3,city3,11/11/2016
1640,test1,city1,11/11/2016
1641,test2,city2,11/11/2016
1642,test3,city3,11/11/2016
1643,test1,city1,11/11/2016
1644,test2,city2,11/11/2016
1645,test3,city3,11/11/2016
1646,test1,city1,11/11/2016
1647,test2,city2,11/11/2016
1648,test3,city3,11/11/2016
1649,test1,city1,11/11/2016
1650,test2,city2,11/11/2016
1651,test3,city3,11/11/2016
1652,test1,city1,11/11/2016
1653,test2,city2,11/11/2016
1654,test3,city3,11/11/2016
1655,test1,city1,11/11/2016
1656,test2,city2,11/11/2016
1657,test3,city3,11/11/2016
1658,test1,city1,11/11/2016
1659,test2,city2,11/11/2016
1660,test3,city3,11/11/2016
1661,test1,city1,11/11/2016
1662,test2,city2,11/11/2016
1663,test3,city3,11/11/2016
1664,test1,city1,11/11/2016
1665,test2,city2,11/11/2016
1666,test3,city3,11/11/2016
1667,test1,city1,11/11/2016
1668,test2,city2,11/11/2016
1669,test3,city3,11/11/2016
1670,test1,city1,11/11/2016
1671,test2,city2,11/11/2016
1672,test3,city3,11/11/2016
1673,test1,city1,11/11/2016
1674,test2,city2,11/11/2016
1675,test3,city3,11/11/2016
1676,test1,city1,11/11/2016
1677,test2,city2,11/11/2016
1678,test3,city3,11/11/2016
1679,test1,city1,11/11/2016
1680,test2,city2,11/11/2016
1681,test3,city3,11/11/2016
1682,test1,city1,11/11/2016
1683,test2,city2,11/11/2016
1684,test3,city3,11/11/2016
1685,test1,city1,11/11/2016
1686,test2,city2,11/11/2016
1687,test3,city3,11/11/2016
1688,test1,city1,11/11/2016
1689,test2,city2,11/11/2016
1690,test3,city3,11/11/2016
1691,test1,city1,11/11/2016
1692,test2,city2,11/11/2016
1693,test3,city3,11/11/2016
1694,test1,city1,11/11/2016
1695,test2,city2,11/11/2016
1696,test3,city3,11/11/2016
1697,test1,city1,11/11/2016
1698,test2,city2,11/11/2016
1699,test3,city3,11/11/2016
1700,test1,city1,11/11/2016
1701,test2,city2,11/11/2016
1702,test3,city3,11/11/2016
1703,test1,city1,11/11/2016
1704,test2,city2,11/11/2016
1705,test3,city3,11/11/2016
1706,test1,city1,11/11/2016
1707,test2,city2,11/11/2016
1708,test3,city3,11/11/2016
1709,test1,city1,11/11/2016
1710,test2,city2,11/11/2016
1711,test3,city3,11/11/2016
1712,test1,city1,11/11/2016
1713,test2,city2,11/11/2016
1714,test3,city3,11/11/2016
1715,test1,city1,11/11/2016
1716,test2,city2,11/11/2016
1717,test3,city3,11/11/2016
1718,test1,city1,11/11/2016
1719,test2,city2,11/11/2016
1720,test3,city3,11/11/2016
1721,test1,city1,11/11/2016
1722,test2,city2,11/11/2016
1723,test3,city3,11/11/2016
1724,test1,city1,11/11/2016
1725,test2,city2,11/11/2016
1726,test3,city3,11/11/2016
1727,test1,city1,11/11/2016
1728,test2,city2,11/11/2016
1729,test3,city3,11/11/2016
1730,test1,city1,11/11/2016
1731,test2,city2,11/11/2016
1732,test3,city3,11/11/2016
1733,test1,city1,11/11/2016
1734,test2,city2,11/11/2016
1735,test3,city3,11/11/2016
1736,test1,city1,11/11/2016
1737,test2,city2,11/11/2016
1738,test3,city3,11/11/2016
1739,test1,city1,11/11/2016
1740,test2,city2,11/11/2016
1741,test3,city3,11/11/2016
1742,test1,city1,11/11/2016
1743,test2,city2,11/11/2016
1744,test3,city3,11/11/2016
1745,test1,city1,11/11/2016
1746,test2,city2,11/11/2016
1747,test3,city3,11/11/2016
1748,test1,city1,11/11/2016
1749,test2,city2,11/11/2016
1750,test3,city3,11/11/2016
1751,test1,city1,11/11/2016
1752,test2,city2,11/11/2016
1753,test3,city3,11/11/2016
1754,test1,city1,11/11/2016
1755,test2,city2,11/11/2016
1756,test3,city3,11/11/2016
1757,test1,city1,11/11/2016
1758,test2,city2,11/11/2016
1759,test3,city3,11/11/2016
1760,test1,city1,11/11/2016
1761,test2,city2,11/11/2016
1762,test3,city3,11/11/2016
1763,test1,city1,11/11/2016
1764,test2,city2,11/11/2016
1765,test3,city3,11/11/2016
1766,test1,city1,11/11/2016
1767,test2,city2,11/11/2016
1768,test3,city3,11/11/2016
1769,test1,city1,11/11/2016
1770,test2,city2,11/11/2016
1771,test3,city3,11/11/2016
1772,test1,city1,11/11/2016
1773,test2,city2,11/11/2016
1774,test3,city3,11/11/2016
1775,test1,city1,11/11/2016
1776,test2,city2,11/11/2016
1777,test3,city3,11/11/2016
1778,test1,city1,11/11/2016
1779,test2,city2,11/11/2016
1780,test3,city3,11/11/2016
1781,test1,city1,11/11/2016
1782,test2,city2,11/11/2016
1783,test3,city3,11/11/2016
1784,test1,city1,11/11/2016
1785,test2,city2,11/11/2016
1786,test3,city3,11/11/2016
1787,test1,city1,11/11/2016
1788,test2,city2,11/11/2016
1789,test3,city3,11/11/2016
1790,test1,city1,11/11/2016
1791,test2,city2,11/11/2016
1792,test3,city3,11/11/2016
1793,test1,city1,11/11/2016
1794,test2,city2,11/11/2016
1795,test3,city3,11/11/2016
1796,test1,city1,11/11/2016
1797,test2,city2,11/11/2016
1798,test3,city3,11/11/2016
1799,test1,city1,11/11/2016
1800,test2,city2,11/11/2016
1801,test3,city3,11/11/2016
1802,test1,city1,11/11/2016
1803,test2,city2,11/11/2016
1804,test3,city3,11/11/2016
1805,test1,city1,11/11/2016
1806,test2,city2,11/11/2016
1807,test3,city3,11/11/2016
1808,test1,city1,11/11/2016
1809,test2,city2,11/11/2016
1810,test3,city3,11/11/2016
1811,test1,city1,11/11/2016
1812,test2,city2,11/11/2016
1813,test3,city3,11/11/2016
1814,test1,city1,11/11/2016
1815,test2,city2,11/11/2016
1816,test3,city3,11/11/2016
1817,test1,city1,11/11/2016
1818,test2,city2,11/11/2016
1819,test3,city3,11/11/2016
1820,test1,city1,11/11/2016
1821,test2,city2,11/11/2016
1822,test3,city3,11/11/2016
1823,test1,city1,11/11/2016
1824,test2,city2,11/11/2016
1825,test3,city3,11/11/2016
1826,test1,city1,11/11/2016
1827,test2,city2,11/11/2016
1828,test3,city3,11/11/2016
1829,test1,city1,11/11/2016
1830,test2,city2,11/11/2016
1831,test3,city3,11/11/2016
1832,test1,city1,11/11/2016
1833,test2,city2,11/11/2016
1834,test3,city3,11/11/2016
1835,test1,city1,11/11/2016
1836,test2,city2,11/11/2016
1837,test3,city3,11/11/2016
1838,test1,city1,11/11/2016
1839,test2,city2,11/11/2016
1840,test3,city3,11/11/2016
1841,test1,city1,11/11/2016
1842,test2,city2,11/11/2016
1843,test3,city3,11/11/2016
1844,test1,city1,11/11/2016
1845,test2,city2,11/11/2016
1846,test3,city3,11/11/2016
1847,test1,city1,11/11/2016
1848,test2,city2,11/11/2016
1849,test3,city3,11/11/2016
1850,test1,city1,11/11/2016
1851,test2,city2,11/11/2016
1852,test3,city3,11/11/2016
1853,test1,city1,11/11/2016
1854,test2,city2,11/11/2016
1855,test3,city3,11/11/2016
1856,test1,city1,11/11/2016
1857,test2,city2,11/11/2016
1858,test3,city3,11/11/2016
1859,test1,city1,11/11/2016
1860,test2,city2,11/11/2016
1861,test3,city3,11/11/2016
1862,test1,city1,11/11/2016
1863,test2,city2,11/11/2016
1864,test3,city3,11/11/2016
1865,test1,city1,11/11/2016
1866,test2,city2,11/11/2016
1867,test3,city3,11/11/2016
1868,test1,city1,11/11/2016
1869,test2,city2,11/11/2016
1870,test3,city3,11/11/2016
1871,test1,city1,11/11/2016
1872,test2,city2,11/11/2016
1873,test3,city3,11/11/2016
1874,test1,city1,11/11/2016
1875,test2,city2,11/11/2016
1876,test3,city3,11/11/2016
1877,test1,city1,11/11/2016
1878,test2,city2,11/11/2016
1879,test3,city3,11/11/2016
1880,test1,city1,11/11/2016
1881,test2,city2,11/11/2016
1882,test3,city3,11/11/2016
1883,test1,city1,11/11/2016
1884,test2,city2,11/11/2016
1885,test3,city3,11/11/2016
1886,test1,city1,11/11/2016
1887,test2,city2,11/11/2016
1888,test3,city3,11/11/2016
1889,test1,city1,11/11/2016
1890,test2,city2,11/11/2016
1891,test3,city3,11/11/2016
1892,test1,city1,11/11/2016
1893,test2,city2,11/11/2016
1894,test3,city3,11/11/2016
1895,test1,city1,11/11/2016
1896,test2,city2,11/11/2016
1897,test3,city3,11/11/2016
1898,test1,city1,11/11/2016
1899,test2,city2,11/11/2016
1900,test3,city3,11/11/2016
1901,test1,city1,11/11/2016
1902,test2,city2,11/11/2016
1903,test3,city3,11/11/2016
1904,test1,city1,11/11/2016
1905,test2,city2,11/11/2016
1906,test3,city3,11/11/2016
1907,test1,city1,11/11/2016
1908,test2,city2,11/11/2016
1909,test3,city3,11/11/2016
1910,test1,city1,11/11/2016
1911,test2,city2,11/11/2016
1912,test3,city3,11/11/2016
1913,test1,city1,11/11/2016
1914,test2,city2,11/11/2016
1915,test3,city3,11/11/2016
1916,test1,city1,11/11/2016
1917,test2,city2,11/11/2016
1918,test3,city3,11/11/2016
1919,test1,city1,11/11/2016
1920,test2,city2,11/11/2016
1921,test3,city3,11/11/2016
1922,test1,city1,11/11/2016
1923,test2,city2,11/11/2016
1924,test3,city3,11/11/2016
1925,test1,city1,11/11/2016
1926,test2,city2,11/11/2016
1927,test3,city3,11/11/2016
1928,test1,city1,11/11/2016
1929,test2,city2,11/11/2016
1930,test3,city3,11/11/2016
1931,test1,city1,11/11/2016
1932,test2,city2,11/11/2016
1933,test3,city3,11/11/2016
1934,test1,city1,11/11/2016
1935,test2,city2,11/11/2016
1936,test3,city3,11/11/2016
1937,test1,city1,11/11/2016
1938,test2,city2,11/11/2016
1939,test3,city3,11/11/2016
1940,test1,city1,11/11/2016
1941,test2,city2,11/11/2016
1942,test3,city3,11/11/2016
1943,test1,city1,11/11/2016
1944,test2,city2,11/11/2016
1945,test3,city3,11/11/2016
1946,test1,city1,11/11/2016
1947,test2,city2,11/11/2016
1948,test3,city3,11/11/2016
1949,test1,city1,11/11/2016
1950,test2,city2,11/11/2016
1951,test3,city3,11/11/2016
1952,test1,city1,11/11/2016
1953,test2,city2,11/11/2016
1954,test3,city3,11/11/2016
1955,test1,city1,11/11/2016
1956,test2,city2,11/11/2016
1957,test3,city3,11/11/2016
1958,test1,city1,11/11/2016
1959,test2,city2,11/11/2016
1960,test3,city3,11/11/2016
1961,test1,city1,11/11/2016
1962,test2,city2,11/11/2016
1963,test3,city3,11/11/2016
1964,test1,city1,11/11/2016
1965,test2,city2,11/11/2016
1966,test3,city3,11/11/2016
1967,test1,city1,11/11/2016
1968,test2,city2,11/11/2016
1969,test3,city3,11/11/2016
1970,test1,city1,11/11/2016
1971,test2,city2,11/11/2016
1972,test3,city3,11/11/2016
1973,test1,city1,11/11/2016
1974,test2,city2,11/11/2016
1975,test3,city3,11/11/2016
1976,test1,city1,11/11/2016
1977,test2,city2,11/11/2016
1978,test3,city3,11/11/2016
1979,test1,city1,11/11/2016
1980,test2,city2,11/11/2016
1981,test3,city3,11/11/2016
1982,test1,city1,11/11/2016
1983,test2,city2,11/11/2016
1984,test3,city3,11/11/2016
1985,test1,city1,11/11/2016
1986,test2,city2,11/11/2016
1987,test3,city3,11/11/2016
1988,test1,city1,11/11/2016
1989,test2,city2,11/11/2016
1990,test3,city3,11/11/2016
1991,test1,city1,11/11/2016
1992,test2,city2,11/11/2016
1993,test3,city3,11/11/2016
1994,test1,city1,11/11/2016
1995,test2,city2,11/11/2016
1996,test3,city3,11/11/2016
1997,test1,city1,11/11/2016
1998,test2,city2,11/11/2016
1999,test3,city3,11/11/2016
2000,test1,city1,11/11/2016
2001,test2,city2,11/11/2016
2002,test3,city3,11/11/2016
2003,test1,city1,11/11/2016
2004,test2,city2,11/11/2016
2005,test3,city3,11/11/2016
2006,test1,city1,11/11/2016
2007,test2,city2,11/11/2016
2008,test3,city3,11/11/2016
2009,test1,city1,11/11/2016
2010,test2,city2,11/11/2016
2011,test3,city3,11/11/2016
2012,test1,city1,11/11/2016
2013,test2,city2,11/11/2016
2014,test3,city3,11/11/2016
2015,test1,city1,11/11/2016
2016,test2,city2,11/11/2016
2017,test3,city3,11/11/2016
2018,test1,city1,11/11/2016
2019,test2,city2,11/11/2016
2020,test3,city3,11/11/2016
2021,test1,city1,11/11/2016
2022,test2,city2,11/11/2016
2023,test3,city3,11/11/2016
2024,test1,city1,11/11/2016
2025,test2,city2,11/11/2016
2026,test3,city3,11/11/2016
2027,test1,city1,11/11/2016
2028,test2,city2,11/11/2016
2029,test3,city3,11/11/2016
2030,test1,city1,11/11/2016
2031,test2,city2,11/11/2016
2032,test3,city3,11/11/2016
2033,test1,city1,11/11/2016
2034,test2,city2,11/11/2016
2035,test3,city3,11/11/2016
2036,test1,city1,11/11/2016
2037,test2,city2,11/11/2016
2038,test3,city3,11/11/2016
2039,test1,city1,11/11/2016
2040,test2,city2,11/11/2016
2041,test3,city3,11/11/2016
2042,test1,city1,11/11/2016
2043,test2,city2,11/11/2016
2044,test3,city3,11/11/2016
2045,test1,city1,11/11/2016
2046,test2,city2,11/11/2016
2047,test3,city3,11/11/2016
2048,test1,city1,11/11/2016
2049,test2,city2,11/11/2016
2050,test3,city3,11/11/2016
2051,test1,city1,11/11/2016
2052,test2,city2,11/11/2016
2053,test3,city3,11/11/2016
2054,test1,city1,11/11/2016
2055,test2,city2,11/11/2016
2056,test3,city3,11/11/2016
2057,test1,city1,11/11/2016
2058,test2,city2,11/11/2016
2059,test3,city3,11/11/2016
2060,test1,city1,11/11/2016
2061,test2,city2,11/11/2016
2062,test3,city3,11/11/2016
2063,test1,city1,11/11/2016
2064,test2,city2,11/11/2016
2065,test3,city3,11/11/2016
2066,test1,city1,11/11/2016
2067,test2,city2,11/11/2016
2068,test3,city3,11/11/2016
2069,test1,city1,11/11/2016
2070,test2,city2,11/11/2016
2071,test3,city3,11/11/2016
2072,test1,city1,11/11/2016
2073,test2,city2,11/11/2016
2074,test3,city3,11/11/2016
2075,test1,city1,11/11/2016
2076,test2,city2,11/11/2016
2077,test3,city3,11/11/2016
2078,test1,city1,11/11/2016
2079,test2,city2,11/11/2016
2080,test3,city3,11/11/2016
2081,test1,city1,11/11/2016
2082,test2,city2,11/11/2016
2083,test3,city3,11/11/2016
2084,test1,city1,11/11/2016
2085,test2,city2,11/11/2016
2086,test3,city3,11/11/2016
2087,test1,city1,11/11/2016
2088,test2,city2,11/11/2016
2089,test3,city3,11/11/2016
2090,test1,city1,11/11/2016
2091,test2,city2,11/11/2016
2092,test3,city3,11/11/2016
2093,test1,city1,11/11/2016
2094,test2,city2,11/11/2016
2095,test3,city3,11/11/2016
2096,test1,city1,11/11/2016
2097,test2,city2,11/11/2016
2098,test3,city3,11/11/2016
2099,test1,city1,11/11/2016
2100,test2,city2,11/11/2016
2101,test3,city3,11/11/2016
2102,test1,city1,11/11/2016
2103,test2,city2,11/11/2016
2104,test3,city3,11/11/2016
2105,test1,city1,11/11/2016
2106,test2,city2,11/11/2016
2107,test3,city3,11/11/2016
2108,test1,city1,11/11/2016
2109,test2,city2,11/11/2016
2110,test3,city3,11/11/2016
2111,test1,city1,11/11/2016
2112,test2,city2,11/11/2016
2113,test3,city3,11/11/2016
2114,test1,city1,11/11/2016
2115,test2,city2,11/11/2016
2116,test3,city3,11/11/2016
2117,test1,city1,11/11/2016
2118,test2,city2,11/11/2016
2119,test3,city3,11/11/2016
2120,test1,city1,11/11/2016
2121,test2,city2,11/11/2016
2122,test3,city3,11/11/2016
2123,test1,city1,11/11/2016
2124,test2,city2,11/11/2016
2125,test3,city3,11/11/2016
2126,test1,city1,11/11/2016
2127,test2,city2,11/11/2016
2128,test3,city3,11/11/2016
2129,test1,city1,11/11/2016
2130,test2,city2,11/11/2016
2131,test3,city3,11/11/2016
2132,test1,city1,11/11/2016
2133,test2,city2,11/11/2016
2134,test3,city3,11/11/2016
2135,test1,city1,11/11/2016
2136,test2,city2,11/11/2016
2137,test3,city3,11/11/2016
2138,test1,city1,11/11/2016
2139,test2,city2,11/11/2016
2140,test3,city3,11/11/2016
2141,test1,city1,11/11/2016
2142,test2,city2,11/11/2016
2143,test3,city3,11/11/2016
2144,test1,city1,11/11/2016
2145,test2,city2,11/11/2016
2146,test3,city3,11/11/2016
2147,test1,city1,11/11/2016
2148,test2,city2,11/11/2016
2149,test3,city3,11/11/2016
2150,test1,city1,11/11/2016
2151,test2,city2,11/11/2016
2152,test3,city3,11/11/2016
2153,test1,city1,11/11/2016
2154,test2,city2,11/11/2016
2155,test3,city3,11/11/2016
2156,test1,city1,11/11/2016
2157,test2,city2,11/11/2016
2158,test3,city3,11/11/2016
2159,test1,city1,11/11/2016
2160,test2,city2,11/11/2016
2161,test3,city3,11/11/2016
2162,test1,city1,11/11/2016
2163,test2,city2,11/11/2016
2164,test3,city3,11/11/2016
2165,test1,city1,11/11/2016
2166,test2,city2,11/11/2016
2167,test3,city3,11/11/2016
2168,test1,city1,11/11/2016
2169,test2,city2,11/11/2016
2170,test3,city3,11/11/2016
2171,test1,city1,11/11/2016
2172,test2,city2,11/11/2016
2173,test3,city3,11/11/2016
2174,test1,city1,11/11/2016
2175,test2,city2,11/11/2016
2176,test3,city3,11/11/2016
2177,test1,city1,11/11/2016
2178,test2,city2,11/11/2016
2179,test3,city3,11/11/2016
2180,test1,city1,11/11/2016
2181,test2,city2,11/11/2016
2182,test3,city3,11/11/2016
2183,test1,city1,11/11/2016
2184,test2,city2,11/11/2016
2185,test3,city3,11/11/2016
2186,test1,city1,11/11/2016
2187,test2,city2,11/11/2016
2188,test3,city3,11/11/2016
2189,test1,city1,11/11/2016
2190,test2,city2,11/11/2016
2191,test3,city3,11/11/2016
2192,test4,city4,11/11/2016
2193,shop name,city,created on
2194,test1,city1,11/11/2016
2195,test2,city2,11/11/2016
2196,test3,city3,11/11/2016
2197,test1,city1,11/11/2016
2198,test2,city2,11/11/2016
2199,test3,city3,11/11/2016
2200,test1,city1,11/11/2016
2201,test2,city2,11/11/2016
2202,test3,city3,11/11/2016
2203,test1,city1,11/11/2016
2204,test2,city2,11/11/2016
2205,test3,city3,11/11/2016
2206,test1,city1,11/11/2016
2207,test2,city2,11/11/2016
2208,test3,city3,11/11/2016
2209,test1,city1,11/11/2016
2210,test2,city2,11/11/2016
2211,test3,city3,11/11/2016
2212,test1,city1,11/11/2016
2213,test2,city2,11/11/2016
2214,test3,city3,11/11/2016
2215,test1,city1,11/11/2016
2216,test2,city2,11/11/2016
2217,test3,city3,11/11/2016
2218,test1,city1,11/11/2016
2219,test2,city2,11/11/2016
2220,test3,city3,11/11/2016
2221,test1,city1,11/11/2016
2222,test2,city2,11/11/2016
2223,test3,city3,11/11/2016
2224,test1,city1,11/11/2016
2225,test2,city2,11/11/2016
2226,test3,city3,11/11/2016
2227,test1,city1,11/11/2016
2228,test2,city2,11/11/2016
2229,test3,city3,11/11/2016
2230,test1,city1,11/11/2016
2231,test2,city2,11/11/2016
2232,test3,city3,11/11/2016
2233,test1,city1,11/11/2016
2234,test2,city2,11/11/2016
2235,test3,city3,11/11/2016
2236,test1,city1,11/11/2016
2237,test2,city2,11/11/2016
2238,test3,city3,11/11/2016
2239,test1,city1,11/11/2016
2240,test2,city2,11/11/2016
2241,test3,city3,11/11/2016
2242,test1,city1,11/11/2016
2243,test2,city2,11/11/2016
2244,test3,city3,11/11/2016
2245,test1,city1,11/11/2016
2246,test2,city2,11/11/2016
2247,test3,city3,11/11/2016
2248,test1,city1,11/11/2016
2249,test2,city2,11/11/2016
2250,test3,city3,11/11/2016
2251,test1,city1,11/11/2016
2252,test2,city2,11/11/2016
2253,test3,city3,11/11/2016
2254,test1,city1,11/11/2016
2255,test2,city2,11/11/2016
2256,test3,city3,11/11/2016
2257,test1,city1,11/11/2016
2258,test2,city2,11/11/2016
2259,test3,city3,11/11/2016
2260,test1,city1,11/11/2016
2261,test2,city2,11/11/2016
2262,test3,city3,11/11/2016
2263,test1,city1,11/11/2016
2264,test2,city2,11/11/2016
2265,test3,city3,11/11/2016
2266,test1,city1,11/11/2016
2267,test2,city2,11/11/2016
2268,test3,city3,11/11/2016
2269,test1,city1,11/11/2016
2270,test2,city2,11/11/2016
2271,test3,city3,11/11/2016
2272,test1,city1,11/11/2016
2273,test2,city2,11/11/2016
2274,test3,city3,11/11/2016
2275,test1,city1,11/11/2016
2276,test2,city2,11/11/2016
2277,test3,city3,11/11/2016
2278,test1,city1,11/11/2016
2279,test2,city2,11/11/2016
2280,test3,city3,11/11/2016
2281,test1,city1,11/11/2016
2282,test2,city2,11/11/2016
2283,test3,city3,11/11/2016
2284,test1,city1,11/11/2016
2285,test2,city2,11/11/2016
2286,test3,city3,11/11/2016
2287,test1,city1,11/11/2016
2288,test2,city2,11/11/2016
2289,test3,city3,11/11/2016
2290,test1,city1,11/11/2016
2291,test2,city2,11/11/2016
2292,test3,city3,11/11/2016
2293,test1,city1,11/11/2016
2294,test2,city2,11/11/2016
2295,test3,city3,11/11/2016
2296,test1,city1,11/11/2016
2297,test2,city2,11/11/2016
2298,test3,city3,11/11/2016
2299,test1,city1,11/11/2016
2300,test2,city2,11/11/2016
2301,test3,city3,11/11/2016
2302,test1,city1,11/11/2016
2303,test2,city2,11/11/2016
2304,test3,city3,11/11/2016
2305,test1,city1,11/11/2016
2306,test2,city2,11/11/2016
2307,test3,city3,11/11/2016
2308,test1,city1,11/11/2016
2309,test2,city2,11/11/2016
2310,test3,city3,11/11/2016
2311,test1,city1,11/11/2016
2312,test2,city2,11/11/2016
2313,test3,city3,11/11/2016
2314,test1,city1,11/11/2016
2315,test2,city2,11/11/2016
2316,test3,city3,11/11/2016
2317,test1,city1,11/11/2016
2318,test2,city2,11/11/2016
2319,test3,city3,11/11/2016
2320,test1,city1,11/11/2016
2321,test2,city2,11/11/2016
2322,test3,city3,11/11/2016
2323,test1,city1,11/11/2016
2324,test2,city2,11/11/2016
2325,test3,city3,11/11/2016
2326,test1,city1,11/11/2016
2327,test2,city2,11/11/2016
2328,test3,city3,11/11/2016
2329,test1,city1,11/11/2016
2330,test2,city2,11/11/2016
2331,test3,city3,11/11/2016
2332,test1,city1,11/11/2016
2333,test2,city2,11/11/2016
2334,test3,city3,11/11/2016
2335,test1,city1,11/11/2016
2336,test2,city2,11/11/2016
2337,test3,city3,11/11/2016
2338,test1,city1,11/11/2016
2339,test2,city2,11/11/2016
2340,test3,city3,11/11/2016
2341,test1,city1,11/11/2016
2342,test2,city2,11/11/2016
2343,test3,city3,11/11/2016
2344,test1,city1,11/11/2016
2345,test2,city2,11/11/2016
2346,test3,city3,11/11/2016
2347,test1,city1,11/11/2016
2348,test2,city2,11/11/2016
2349,test3,city3,11/11/2016
2350,test1,city1,11/11/2016
2351,test2,city2,11/11/2016
2352,test3,city3,11/11/2016
2353,test1,city1,11/11/2016
2354,test2,city2,11/11/2016
2355,test3,city3,11/11/2016
2356,test1,city1,11/11/2016
2357,test2,city2,11/11/2016
2358,test3,city3,11/11/2016
2359,test1,city1,11/11/2016
2360,test2,city2,11/11/2016
2361,test3,city3,11/11/2016
2362,test1,city1,11/11/2016
2363,test2,city2,11/11/2016
2364,test3,city3,11/11/2016
2365,test1,city1,11/11/2016
2366,test2,city2,11/11/2016
2367,test3,city3,11/11/2016
2368,test1,city1,11/11/2016
2369,test2,city2,11/11/2016
2370,test3,city3,11/11/2016
2371,test1,city1,11/11/2016
2372,test2,city2,11/11/2016
2373,test3,city3,11/11/2016
2374,test1,city1,11/11/2016
2375,test2,city2,11/11/2016
2376,test3,city3,11/11/2016
2377,test1,city1,11/11/2016
2378,test2,city2,11/11/2016
2379,test3,city3,11/11/2016
2380,test1,city1,11/11/2016
2381,test2,city2,11/11/2016
2382,test3,city3,11/11/2016
2383,test1,city1,11/11/2016
2384,test2,city2,11/11/2016
2385,test3,city3,11/11/2016
2386,test1,city1,11/11/2016
2387,test2,city2,11/11/2016
2388,test3,city3,11/11/2016
2389,test1,city1,11/11/2016
2390,test2,city2,11/11/2016
2391,test3,city3,11/11/2016
2392,test1,city1,11/11/2016
2393,test2,city2,11/11/2016
2394,test3,city3,11/11/2016
2395,test1,city1,11/11/2016
2396,test2,city2,11/11/2016
2397,test3,city3,11/11/2016
2398,test1,city1,11/11/2016
2399,test2,city2,11/11/2016
2400,test3,city3,11/11/2016
2401,test1,city1,11/11/2016
2402,test2,city2,11/11/2016
2403,test3,city3,11/11/2016
2404,test1,city1,11/11/2016
2405,test2,city2,11/11/2016
2406,test3,city3,11/11/2016
2407,test1,city1,11/11/2016
2408,test2,city2,11/11/2016
2409,test3,city3,11/11/2016
2410,test1,city1,11/11/2016
2411,test2,city2,11/11/2016
2412,test3,city3,11/11/2016
2413,test1,city1,11/11/2016
2414,test2,city2,11/11/2016
2415,test3,city3,11/11/2016
2416,test1,city1,11/11/2016
2417,test2,city2,11/11/2016
2418,test3,city3,11/11/2016
2419,test1,city1,11/11/2016
2420,test2,city2,11/11/2016
2421,test3,city3,11/11/2016
2422,test1,city1,11/11/2016
2423,test2,city2,11/11/2016
2424,test3,city3,11/11/2016
2425,test1,city1,11/11/2016
2426,test2,city2,11/11/2016
2427,test3,city3,11/11/2016
2428,test1,city1,11/11/2016
2429,test2,city2,11/11/2016
2430,test3,city3,11/11/2016
2431,test1,city1,11/11/2016
2432,test2,city2,11/11/2016
2433,test3,city3,11/11/2016
2434,test1,city1,11/11/2016
2435,test2,city2,11/11/2016
2436,test3,city3,11/11/2016
2437,test1,city1,11/11/2016
2438,test2,city2,11/11/2016
2439,test3,city3,11/11/2016
2440,test1,city1,11/11/2016
2441,test2,city2,11/11/2016
2442,test3,city3,11/11/2016
2443,test1,city1,11/11/2016
2444,test2,city2,11/11/2016
2445,test3,city3,11/11/2016
2446,test1,city1,11/11/2016
2447,test2,city2,11/11/2016
2448,test3,city3,11/11/2016
2449,test1,city1,11/11/2016
2450,test2,city2,11/11/2016
2451,test3,city3,11/11/2016
2452,test1,city1,11/11/2016
2453,test2,city2,11/11/2016
2454,test3,city3,11/11/2016
2455,test1,city1,11/11/2016
2456,test2,city2,11/11/2016
2457,test3,city3,11/11/2016
2458,test1,city1,11/11/2016
2459,test2,city2,11/11/2016
2460,test3,city3,11/11/2016
2461,test1,city1,11/11/2016
2462,test2,city2,11/11/2016
2463,test3,city3,11/11/2016
2464,test1,city1,11/11/2016
2465,test2,city2,11/11/2016
2466,test3,city3,11/11/2016
2467,test1,city1,11/11/2016
2468,test2,city2,11/11/2016
2469,test3,city3,11/11/2016
2470,test1,city1,11/11/2016
2471,test2,city2,11/11/2016
2472,test3,city3,11/11/2016
2473,test1,city1,11/11/2016
2474,test2,city2,11/11/2016
2475,test3,city3,11/11/2016
2476,test1,city1,11/11/2016
2477,test2,city2,11/11/2016
2478,test3,city3,11/11/2016
2479,test1,city1,11/11/2016
2480,test2,city2,11/11/2016
2481,test3,city3,11/11/2016
2482,test1,city1,11/11/2016
2483,test2,city2,11/11/2016
2484,test3,city3,11/11/2016
2485,test1,city1,11/11/2016
2486,test2,city2,11/11/2016
2487,test3,city3,11/11/2016
2488,test1,city1,11/11/2016
2489,test2,city2,11/11/2016
2490,test3,city3,11/11/2016
2491,test1,city1,11/11/2016
2492,test2,city2,11/11/2016
2493,test3,city3,11/11/2016
2494,test1,city1,11/11/2016
2495,test2,city2,11/11/2016
2496,test3,city3,11/11/2016
2497,test1,city1,11/11/2016
2498,test2,city2,11/11/2016
2499,test3,city3,11/11/2016
2500,test1,city1,11/11/2016
2501,test2,city2,11/11/2016
2502,test3,city3,11/11/2016
2503,test1,city1,11/11/2016
2504,test2,city2,11/11/2016
2505,test3,city3,11/11/2016
2506,test1,city1,11/11/2016
2507,test2,city2,11/11/2016
2508,test3,city3,11/11/2016
2509,test1,city1,11/11/2016
2510,test2,city2,11/11/2016
2511,test3,city3,11/11/2016
2512,test1,city1,11/11/2016
2513,test2,city2,11/11/2016
2514,test3,city3,11/11/2016
2515,test1,city1,11/11/2016
2516,test2,city2,11/11/2016
2517,test3,city3,11/11/2016
2518,test1,city1,11/11/2016
2519,test2,city2,11/11/2016
2520,test3,city3,11/11/2016
2521,test1,city1,11/11/2016
2522,test2,city2,11/11/2016
2523,test3,city3,11/11/2016
2524,test1,city1,11/11/2016
2525,test2,city2,11/11/2016
2526,test3,city3,11/11/2016
2527,test1,city1,11/11/2016
2528,test2,city2,11/11/2016
2529,test3,city3,11/11/2016
2530,test1,city1,11/11/2016
2531,test2,city2,11/11/2016
2532,test3,city3,11/11/2016
2533,test1,city1,11/11/2016
2534,test2,city2,11/11/2016
2535,test3,city3,11/11/2016
2536,test1,city1,11/11/2016
2537,test2,city2,11/11/2016
2538,test3,city3,11/11/2016
2539,test1,city1,11/11/2016
2540,test2,city2,11/11/2016
2541,test3,city3,11/11/2016
2542,test1,city1,11/11/2016
2543,test2,city2,11/11/2016
2544,test3,city3,11/11/2016
2545,test1,city1,11/11/2016
2546,test2,city2,11/11/2016
2547,test3,city3,11/11/2016
2548,test1,city1,11/11/2016
2549,test2,city2,11/11/2016
2550,test3,city3,11/11/2016
2551,test1,city1,11/11/2016
2552,test2,city2,11/11/2016
2553,test3,city3,11/11/2016
2554,test1,city1,11/11/2016
2555,test2,city2,11/11/2016
2556,test3,city3,11/11/2016
2557,test1,city1,11/11/2016
2558,test2,city2,11/11/2016
2559,test3,city3,11/11/2016
2560,test1,city1,11/11/2016
2561,test2,city2,11/11/2016
2562,test3,city3,11/11/2016
2563,test1,city1,11/11/2016
2564,test2,city2,11/11/2016
2565,test3,city3,11/11/2016
2566,test1,city1,11/11/2016
2567,test2,city2,11/11/2016
2568,test3,city3,11/11/2016
2569,test1,city1,11/11/2016
2570,test2,city2,11/11/2016
2571,test3,city3,11/11/2016
2572,test1,city1,11/11/2016
2573,test2,city2,11/11/2016
2574,test3,city3,11/11/2016
2575,test1,city1,11/11/2016
2576,test2,city2,11/11/2016
2577,test3,city3,11/11/2016
2578,test1,city1,11/11/2016
2579,test2,city2,11/11/2016
2580,test3,city3,11/11/2016
2581,test1,city1,11/11/2016
2582,test2,city2,11/11/2016
2583,test3,city3,11/11/2016
2584,test1,city1,11/11/2016
2585,test2,city2,11/11/2016
2586,test3,city3,11/11/2016
2587,test1,city1,11/11/2016
2588,test2,city2,11/11/2016
2589,test3,city3,11/11/2016
2590,test1,city1,11/11/2016
2591,test2,city2,11/11/2016
2592,test3,city3,11/11/2016
2593,test1,city1,11/11/2016
2594,test2,city2,11/11/2016
2595,test3,city3,11/11/2016
2596,test1,city1,11/11/2016
2597,test2,city2,11/11/2016
2598,test3,city3,11/11/2016
2599,test1,city1,11/11/2016
2600,test2,city2,11/11/2016
2601,test3,city3,11/11/2016
2602,test1,city1,11/11/2016
2603,test2,city2,11/11/2016
2604,test3,city3,11/11/2016
2605,test1,city1,11/11/2016
2606,test2,city2,11/11/2016
2607,test3,city3,11/11/2016
2608,test1,city1,11/11/2016
2609,test2,city2,11/11/2016
2610,test3,city3,11/11/2016
2611,test1,city1,11/11/2016
2612,test2,city2,11/11/2016
2613,test3,city3,11/11/2016
2614,test1,city1,11/11/2016
2615,test2,city2,11/11/2016
2616,test3,city3,11/11/2016
2617,test1,city1,11/11/2016
2618,test2,city2,11/11/2016
2619,test3,city3,11/11/2016
2620,test1,city1,11/11/2016
2621,test2,city2,11/11/2016
2622,test3,city3,11/11/2016
2623,test1,city1,11/11/2016
2624,test2,city2,11/11/2016
2625,test3,city3,11/11/2016
2626,test1,city1,11/11/2016
2627,test2,city2,11/11/2016
2628,test3,city3,11/11/2016
2629,test1,city1,11/11/2016
2630,test2,city2,11/11/2016
2631,test3,city3,11/11/2016
2632,test1,city1,11/11/2016
2633,test2,city2,11/11/2016
2634,test3,city3,11/11/2016
2635,test1,city1,11/11/2016
2636,test2,city2,11/11/2016
2637,test3,city3,11/11/2016
2638,test1,city1,11/11/2016
2639,test2,city2,11/11/2016
2640,test3,city3,11/11/2016
2641,test1,city1,11/11/2016
2642,test2,city2,11/11/2016
2643,test3,city3,11/11/2016
2644,test1,city1,11/11/2016
2645,test2,city2,11/11/2016
2646,test3,city3,11/11/2016
2647,test1,city1,11/11/2016
2648,test2,city2,11/11/2016
2649,test3,city3,11/11/2016
2650,test1,city1,11/11/2016
2651,test2,city2,11/11/2016
2652,test3,city3,11/11/2016
2653,test1,city1,11/11/2016
2654,test2,city2,11/11/2016
2655,test3,city3,11/11/2016
2656,test1,city1,11/11/2016
2657,test2,city2,11/11/2016
2658,test3,city3,11/11/2016
2659,test1,city1,11/11/2016
2660,test2,city2,11/11/2016
2661,test3,city3,11/11/2016
2662,test1,city1,11/11/2016
2663,test2,city2,11/11/2016
2664,test3,city3,11/11/2016
2665,test1,city1,11/11/2016
2666,test2,city2,11/11/2016
2667,test3,city3,11/11/2016
2668,test1,city1,11/11/2016
2669,test2,city2,11/11/2016
2670,test3,city3,11/11/2016
2671,test1,city1,11/11/2016
2672,test2,city2,11/11/2016
2673,test3,city3,11/11/2016
2674,test1,city1,11/11/2016
2675,test2,city2,11/11/2016
2676,test3,city3,11/11/2016
2677,test1,city1,11/11/2016
2678,test2,city2,11/11/2016
2679,test3,city3,11/11/2016
2680,test1,city1,11/11/2016
2681,test2,city2,11/11/2016
2682,test3,city3,11/11/2016
2683,test1,city1,11/11/2016
2684,test2,city2,11/11/2016
2685,test3,city3,11/11/2016
2686,test1,city1,11/11/2016
2687,test2,city2,11/11/2016
2688,test3,city3,11/11/2016
2689,test1,city1,11/11/2016
2690,test2,city2,11/11/2016
2691,test3,city3,11/11/2016
2692,test1,city1,11/11/2016
2693,test2,city2,11/11/2016
2694,test3,city3,11/11/2016
2695,test1,city1,11/11/2016
2696,test2,city2,11/11/2016
2697,test3,city3,11/11/2016
2698,test1,city1,11/11/2016
2699,test2,city2,11/11/2016
2700,test3,city3,11/11/2016
2701,test1,city1,11/11/2016
2702,test2,city2,11/11/2016
2703,test3,city3,11/11/2016
